"CYCE Viaticos","CYCE Per Diems"
"Control de viaticos diarios vinculados con asistencia","Daily per diem control linked to attendance"
"Viático","Per Diem"
"Viáticos","Per Diems"
"Planilla","Batch"
"Planilla de viáticos","Per Diem Batch"
"Planillas de viáticos","Per Diem Batches"
"Plantilla","Template"
"Plantilla de viáticos","Per Diem Template"
"Plantillas de viáticos","Per Diem Templates"
"Ajuste de viático","Per Diem Adjustment"
"Ajustes de viáticos","Per Diem Adjustments"
"Comprobante de viático","Per Diem Voucher"
"Gestión de viáticos","Per Diem Management"
"<span class=\"h4\"><b>Gestión de viáticos</b></span>","<span class=\"h4\"><b>Per Diem Management</b></span>"
"Inicio","Home"
"Operación","Operations"
"Reportes","Reports"
"Viático específico","Specific Per Diem"
"Listado de viáticos","Per Diem List"
"Detalle de viáticos","Per Diem Details"
"Viatico","Per Diem"
"Planilla Viatico","Per Diem Batch"
"Plantilla Viatico","Per Diem Template"
"Viatico Ajuste","Per Diem Adjustment"
"Viatico Especifico","Specific Per Diem"
"Listado de Viaticos","Per Diem List"
"Detalle de Viaticos","Per Diem Details"
"Comprobante de Viatico","Per Diem Voucher"
"Adelantado","Advance"
"Reposición","Reimbursement"
"Borrador","Draft"
"Borradores generados","Drafts Generated"
"Pendiente","Pending"
"Pendiente de aprobación","Pending Approval"
"Aprobado","Approved"
"Aprobada","Approved"
"Rechazado","Rejected"
"Conciliado","Reconciled"
"Cancelado","Cancelled"
"Cancelada","Cancelled"
"Generado","Generated"
"No requerido","Not Required"
"Abierto","Open"
"Parcialmente aplicado","Partially Applied"
"Aplicado","Applied"
"Presente","Present"
"Ausente","Absent"
"Medio día","Half Day"
"Permiso","On Leave"
"Trabajo desde casa","Work From Home"
"Sin asistencia","No Attendance"
"Pendiente de conciliación","Pending Reconciliation"
"Adelanto pendiente de validar contra la asistencia del día.","Advance pending validation against the day's attendance."
"La ausencia no genera viático.","Absence does not qualify for a per diem."
"Medio día no genera viático.","A half day does not qualify for a per diem."
"El permiso no genera viático.","Leave does not qualify for a per diem."
"El trabajo desde casa no genera viático.","Working from home does not qualify for a per diem."
"No existe una asistencia enviada para el empleado y la fecha.","No submitted attendance exists for the employee and date."
"Activa","Active"
"Ajuste","Adjustment"
"Ajuste anterior","Previous Adjustment"
"Ajuste anterior aplicado","Previous Adjustment Applied"
"Ajuste de período anterior","Previous Period Adjustment"
"Ajuste generado","Generated Adjustment"
"Ajustes de períodos anteriores","Previous Period Adjustments"
"Anticipo","Advance"
"Anticipo de empleado","Employee Advance"
"Aplicaciones de ajustes","Adjustment Applications"
"Aplicado en viático","Applied to Per Diem"
"Aprobado por","Approved by"
"Aprobador","Approver"
"Asignación diaria","Daily Allocation"
"Asistencia","Attendance"
"Asistencia relacionada","Related Attendance"
"Cantidad de empleados","Number of Employees"
"Cargo","Designation"
"Control de asistencia y ajuste","Attendance and Adjustment Control"
"Control del ajuste","Adjustment Control"
"Crear empleado","Create Employee"
"Crear planilla","Create Batch"
"Descripción","Description"
"Desde","From"
"Destino","Destination"
"Destino predeterminado","Default Destination"
"Detalle diario de origen","Source Daily Detail"
"Días de viático","Per Diem Days"
"Elegible","Eligible"
"Empleado","Employee"
"Empleados","Employees"
"Empleados seleccionados","Selected Employees"
"Empresa","Company"
"Estado","Status"
"Estado asistencia","Attendance Status"
"Estado de asistencia","Attendance Status"
"Estado de integración contable","Accounting Integration Status"
"Estado del viático","Per Diem Status"
"Estado viático","Per Diem Status"
"Fecha","Date"
"Fecha de origen","Source Date"
"Fecha desde","From Date"
"Fecha hasta","To Date"
"Gasto","Expense"
"Generar borradores","Generate Drafts"
"Generar días","Generate Days"
"Guardar","Save"
"Hasta","To"
"Identificación","Identification"
"Integración","Integration"
"Integración contable","Accounting Integration"
"Moneda","Currency"
"Monto","Amount"
"Monto aplicado","Applied Amount"
"Monto diario","Daily Amount"
"Monto diario predeterminado","Default Daily Amount"
"Monto neto","Net Amount"
"Monto original","Original Amount"
"Monto total","Total Amount"
"Motivo","Reason"
"Motivo no elegible","Ineligibility Reason"
"Neto","Net"
"Nombre","Name"
"Nombre de plantilla","Template Name"
"Nombre del empleado","Employee Name"
"Origen del ajuste","Adjustment Source"
"Período","Period"
"Período y valores predeterminados","Period and Default Values"
"Planilla de origen","Source Batch"
"Proyecto","Project"
"Proyecto predeterminado","Default Project"
"Recibido por","Received by"
"Rectificación de","Amended From"
"Saldo antes","Balance Before"
"Saldo después","Balance After"
"Saldo pendiente","Outstanding Balance"
"Seleccionar empleados","Select Employees"
"Serie","Series"
"Solicitud de gasto","Expense Claim"
"Tipo","Type"
"Tipo de viático","Per Diem Type"
"Total estimado","Estimated Total"
"Totales","Totals"
"Valores predeterminados","Default Values"
"Ver viáticos","View Per Diems"
"Viático de origen","Source Per Diem"
"Viático generado","Generated Per Diem"
"al","to"
"Augusto no puede incluirse en ninguna planilla.","Augusto cannot be included in any batch."
"Cancele la planilla {0}; este viático pertenece a una aprobación masiva.","Cancel batch {0}; this per diem belongs to a bulk approval."
"Cancele primero el viático {0}; este documento fue generado automáticamente.","Cancel per diem {0} first; this document was generated automatically."
"Cargo, destino y proyecto son obligatorios para el día {0}.","Designation, destination, and project are required for day {0}."
"Debe registrar al menos un día de viático.","You must enter at least one per diem day."
"El ajuste {0} supera el monto entregado del día.","Adjustment {0} exceeds the amount issued for the day."
"El ajuste {0} tiene un saldo aplicado inconsistente.","Adjustment {0} has an inconsistent applied balance."
"El ajuste {0} ya no existe.","Adjustment {0} no longer exists."
"El documento relacionado {0} no está enviado.","Related document {0} is not submitted."
"El diseño de escritorio {0} no es válido.","Desktop layout {0} is invalid."
"El empleado debe existir y estar activo.","The employee must exist and be active."
"El empleado debe tener un cargo asignado.","The employee must have a designation assigned."
"El empleado {0} está repetido.","Employee {0} is duplicated."
"El empleado {0} no está activo en la empresa seleccionada.","Employee {0} is not active in the selected company."
"El empleado {0} no tiene cargo asignado.","Employee {0} does not have a designation assigned."
"El monto del día {0} debe ser mayor que cero.","The amount for day {0} must be greater than zero."
"El monto diario debe ser mayor que cero.","The daily amount must be greater than zero."
"El período no puede superar {0} días.","The period cannot exceed {0} days."
"El proyecto {0} no existe.","Project {0} does not exist."
"El proyecto {0} pertenece a otra empresa.","Project {0} belongs to another company."
"El saldo del ajuste {0} cambió. Recargue el viático antes de aprobar.","The balance of adjustment {0} changed. Reload the per diem before approving."
"El tipo de gasto {0} ya usa otra cuenta para {1}.","Expense type {0} already uses another account for {1}."
"El tipo de viático {0} no admite integración contable.","Per diem type {0} does not support accounting integration."
"El viático no tiene días elegibles ni ajustes para aplicar.","The per diem has no eligible days or adjustments to apply."
"El viático no tiene valores netos para generar la solicitud de gasto.","The per diem has no net amounts for generating the expense claim."
"El viático tiene más de un documento contable relacionado.","The per diem has more than one related accounting document."
"El viático ya tiene un documento contable relacionado.","The per diem already has a related accounting document."
"El viático {0} no está en el estado esperado.","Per diem {0} is not in the expected status."
"Esta acción solo está disponible en borrador.","This action is only available in Draft status."
"Esta acción solo está disponible en un viático en borrador.","This action is only available for a draft per diem."
"Falta el viático del empleado {0}.","The per diem for employee {0} is missing."
"Generando días del viático...","Generating per diem days..."
"Generando viáticos...","Generating per diems..."
"Genere los borradores individuales antes de aprobar la planilla.","Generate the individual drafts before approving the batch."
"Guarde la planilla antes de generar viáticos.","Save the batch before generating per diems."
"Ingrese el destino de la plantilla.","Enter the template destination."
"Ingrese el destino predeterminado.","Enter the default destination."
"La aplicación del ajuste {0} no es válida.","The application of adjustment {0} is invalid."
"La asistencia no puede cambiar a elegible porque el ajuste {0} ya fue aplicado.","Attendance cannot change to eligible because adjustment {0} has already been applied."
"La cuenta autorizada {0} no tiene una configuración válida.","Authorized account {0} does not have a valid configuration."
"La cuenta predeterminada de anticipos de empleados no coincide con {0}.","The default employee advance account does not match {0}."
"La cuenta predeterminada de gastos por pagar no coincide con {0}.","The default expense claim payable account does not match {0}."
"La empresa {0} no tiene centro de costo predeterminado.","Company {0} does not have a default cost center."
"La fecha desde no puede ser posterior a la fecha hasta.","The from date cannot be later than the to date."
"La fecha final no puede ser anterior a la fecha inicial.","The end date cannot be earlier than the start date."
"La fecha {0} está repetida en el detalle diario.","Date {0} is duplicated in the daily details."
"La fila {0} no tiene un empleado seleccionado. Elimínela o complete el empleado.","Row {0} does not have a selected employee. Remove it or select an employee."
"La planilla ya tiene viáticos vinculados.","The batch already has linked per diems."
"La plantilla pertenece a otra empresa.","The template belongs to another company."
"La plantilla seleccionada no existe o está inactiva.","The selected template does not exist or is inactive."
"La selección de empleados no es válida.","The employee selection is invalid."
"Los borradores de esta planilla ya fueron generados.","The drafts for this batch have already been generated."
"Monto y destino son obligatorios para {0}.","Amount and destination are required for {0}."
"No existe la empresa {0}.","Company {0} does not exist."
"No puede modificar los empleados después de generar los borradores.","You cannot modify employees after generating the drafts."
"No puede modificar {0} después de generar los borradores.","You cannot modify {0} after generating the drafts."
"No se encontró el ajuste {0} para revertirlo.","Adjustment {0} was not found for reversal."
"No se puede cancelar porque el ajuste {0} ya fue aplicado.","Cancellation is not allowed because adjustment {0} has already been applied."
"No se puede cancelar: el anticipo {0} ya tiene movimientos.","Cancellation is not allowed: advance {0} already has transactions."
"No se puede cancelar: la solicitud de gasto {0} ya fue pagada.","Cancellation is not allowed: expense claim {0} has already been paid."
"No se pueden agregar empleados después de generar los borradores.","Employees cannot be added after generating the drafts."
"No tiene permiso para modificar esta planilla.","You do not have permission to modify this batch."
"No tiene permiso para modificar este viático.","You do not have permission to modify this per diem."
"No tiene permiso para seleccionar empleados.","You do not have permission to select employees."
"Planilla guardada.","Batch saved."
"Se generaron {0} días. Puede modificar cualquier monto manualmente.","{0} days were generated. You can modify any amount manually."
"Seleccione al menos un empleado para la planilla.","Select at least one employee for the batch."
"Seleccione el proyecto predeterminado.","Select the default project."
"Seleccione la fecha inicial y la fecha final.","Select the start date and end date."
"Seleccione un empleado activo.","Select an active employee."
"Seleccione un proyecto válido.","Select a valid project."
"Seleccione un viático.","Select a per diem."
"Seleccione una empresa.","Select a company."
"Solo {0} puede {1} un viático.","Only {0} can {1} a per diem."
"Solo {0} puede {1} una planilla de viáticos.","Only {0} can {1} a per diem batch."
"The required approver {0} is not an enabled System User.","The required approver {0} is not an enabled System User."
"Viático {0}, período {1} a {2}.","Per diem {0}, period {1} to {2}."
"Viático {0}. Destino: {1}. Cargo: {2}.","Per diem {0}. Destination: {1}. Designation: {2}."
"Ya existen días cargados. Si continúa, se reemplazarán, incluyendo cualquier monto modificado manualmente.","Days are already loaded. If you continue, they will be replaced, including any manually modified amount."
