"CYCE Viaticos","CYCE Viáticos"
"Control de viaticos diarios vinculados con asistencia","Control de viáticos diarios vinculados con asistencia"
"Viático","Viático"
"Viáticos","Viáticos"
"Planilla","Planilla"
"Planilla de viáticos","Planilla de viáticos"
"Planillas de viáticos","Planillas de viáticos"
"Plantilla","Plantilla"
"Plantilla de viáticos","Plantilla de viáticos"
"Plantillas de viáticos","Plantillas de viáticos"
"Ajuste de viático","Ajuste de viático"
"Ajustes de viáticos","Ajustes de viáticos"
"Comprobante de viático","Comprobante de viático"
"Gestión de viáticos","Gestión de viáticos"
"<span class=\"h4\"><b>Gestión de viáticos</b></span>","<span class=\"h4\"><b>Gestión de viáticos</b></span>"
"Inicio","Inicio"
"Operación","Operación"
"Reportes","Reportes"
"Viático específico","Viático específico"
"Listado de viáticos","Listado de viáticos"
"Detalle de viáticos","Detalle de viáticos"
"Last Edited By You","Última edición por ti"
"Last Edited By","Última edición por"
"Last Edited By {0}","Última edición por {0}"
"Getting Started","Primeros pasos"
"Setup Organization","Configurar organización"
"Setup Company","Configurar compañía"
"Invite Users","Invitar usuarios"
"Setup Email Account","Configurar cuenta de correo electrónico"
"Setup Role Permissions","Configurar permisos de roles"
"Review System Settings","Revisar configuración del sistema"
"Organization Onboarding","Primeros pasos de la organización"
"Setup","Configuración"
"Viatico","Viático"
"Planilla Viatico","Planilla de viáticos"
"Plantilla Viatico","Plantilla de viáticos"
"Viatico Ajuste","Ajuste de viático"
"Viatico Especifico","Viático específico"
"Listado de Viaticos","Listado de viáticos"
"Detalle de Viaticos","Detalle de viáticos"
"Comprobante de Viatico","Comprobante de viático"
"Adelantado","Adelantado"
"Reposición","Reposición"
"Borrador","Borrador"
"Borradores generados","Borradores generados"
"Pendiente","Pendiente"
"Pendiente de aprobación","Pendiente de aprobación"
"Aprobado","Aprobado"
"Aprobada","Aprobada"
"Rechazado","Rechazado"
"Conciliado","Conciliado"
"Cancelado","Cancelado"
"Cancelada","Cancelada"
"Generado","Generado"
"No requerido","No requerido"
"Abierto","Abierto"
"Parcialmente aplicado","Parcialmente aplicado"
"Aplicado","Aplicado"
"Presente","Presente"
"Ausente","Ausente"
"Medio día","Medio día"
"Permiso","Permiso"
"Trabajo desde casa","Trabajo desde casa"
"Sin asistencia","Sin asistencia"
"Pendiente de conciliación","Pendiente de conciliación"
"Adelanto pendiente de validar contra la asistencia del día.","Adelanto pendiente de validar contra la asistencia del día."
"La ausencia no genera viático.","La ausencia no genera viático."
"Medio día no genera viático.","Medio día no genera viático."
"El permiso no genera viático.","El permiso no genera viático."
"El trabajo desde casa no genera viático.","El trabajo desde casa no genera viático."
"No existe una asistencia enviada para el empleado y la fecha.","No existe una asistencia enviada para el empleado y la fecha."
"Activa","Activa"
"Ajuste","Ajuste"
"Ajuste anterior","Ajuste anterior"
"Ajuste anterior aplicado","Ajuste anterior aplicado"
"Ajuste de período anterior","Ajuste de período anterior"
"Ajuste generado","Ajuste generado"
"Ajustes de períodos anteriores","Ajustes de períodos anteriores"
"Anticipo","Anticipo"
"Anticipo de empleado","Anticipo de empleado"
"Aplicaciones de ajustes","Aplicaciones de ajustes"
"Aplicado en viático","Aplicado en viático"
"Aprobado por","Aprobado por"
"Aprobador","Aprobador"
"Asignación diaria","Asignación diaria"
"Asistencia","Asistencia"
"Asistencia relacionada","Asistencia relacionada"
"Cantidad de empleados","Cantidad de empleados"
"Cargo","Cargo"
"Control de asistencia y ajuste","Control de asistencia y ajuste"
"Control del ajuste","Control del ajuste"
"Crear empleado","Crear empleado"
"Crear planilla","Crear planilla"
"Descripción","Descripción"
"Desde","Desde"
"Destino","Destino"
"Destino predeterminado","Destino predeterminado"
"Detalle diario de origen","Detalle diario de origen"
"Días de viático","Días de viático"
"Elegible","Elegible"
"Empleado","Empleado"
"Empleados","Empleados"
"Empleados seleccionados","Empleados seleccionados"
"Empresa","Empresa"
"Estado","Estado"
"Estado asistencia","Estado de asistencia"
"Estado de asistencia","Estado de asistencia"
"Estado de integración contable","Estado de integración contable"
"Estado del viático","Estado del viático"
"Estado viático","Estado del viático"
"Fecha","Fecha"
"Fecha de origen","Fecha de origen"
"Fecha desde","Fecha desde"
"Fecha hasta","Fecha hasta"
"Gasto","Gasto"
"Generar borradores","Generar borradores"
"Generar días","Generar días"
"Guardar","Guardar"
"Hasta","Hasta"
"Identificación","Identificación"
"Integración","Integración"
"Integración contable","Integración contable"
"Moneda","Moneda"
"Monto","Monto"
"Monto aplicado","Monto aplicado"
"Monto diario","Monto diario"
"Monto diario predeterminado","Monto diario predeterminado"
"Monto neto","Monto neto"
"Monto original","Monto original"
"Monto total","Monto total"
"Motivo","Motivo"
"Motivo no elegible","Motivo no elegible"
"Neto","Neto"
"Nombre","Nombre"
"Nombre de plantilla","Nombre de plantilla"
"Nombre del empleado","Nombre del empleado"
"Origen del ajuste","Origen del ajuste"
"Período","Período"
"Período y valores predeterminados","Período y valores predeterminados"
"Planilla de origen","Planilla de origen"
"Proyecto","Proyecto"
"Proyecto predeterminado","Proyecto predeterminado"
"Recibido por","Recibido por"
"Rectificación de","Rectificación de"
"Saldo antes","Saldo antes"
"Saldo después","Saldo después"
"Saldo pendiente","Saldo pendiente"
"Seleccionar empleados","Seleccionar empleados"
"Serie","Serie"
"Solicitud de gasto","Solicitud de gasto"
"Tipo","Tipo"
"Tipo de viático","Tipo de viático"
"Total estimado","Total estimado"
"Totales","Totales"
"Valores predeterminados","Valores predeterminados"
"Ver viáticos","Ver viáticos"
"Viático de origen","Viático de origen"
"Viático generado","Viático generado"
"al","al"
"Augusto no puede incluirse en ninguna planilla.","Augusto no puede incluirse en ninguna planilla."
"Cancele la planilla {0}; este viático pertenece a una aprobación masiva.","Cancele la planilla {0}; este viático pertenece a una aprobación masiva."
"Cancele primero el viático {0}; este documento fue generado automáticamente.","Cancele primero el viático {0}; este documento fue generado automáticamente."
"Cargo, destino y proyecto son obligatorios para el día {0}.","Cargo, destino y proyecto son obligatorios para el día {0}."
"Debe registrar al menos un día de viático.","Debe registrar al menos un día de viático."
"El ajuste {0} supera el monto entregado del día.","El ajuste {0} supera el monto entregado del día."
"El ajuste {0} tiene un saldo aplicado inconsistente.","El ajuste {0} tiene un saldo aplicado inconsistente."
"El ajuste {0} ya no existe.","El ajuste {0} ya no existe."
"El documento relacionado {0} no está enviado.","El documento relacionado {0} no está enviado."
"El diseño de escritorio {0} no es válido.","El diseño de escritorio {0} no es válido."
"El empleado debe existir y estar activo.","El empleado debe existir y estar activo."
"El empleado debe tener un cargo asignado.","El empleado debe tener un cargo asignado."
"El empleado {0} está repetido.","El empleado {0} está repetido."
"El empleado {0} no está activo en la empresa seleccionada.","El empleado {0} no está activo en la empresa seleccionada."
"El empleado {0} no tiene cargo asignado.","El empleado {0} no tiene cargo asignado."
"El monto del día {0} debe ser mayor que cero.","El monto del día {0} debe ser mayor que cero."
"El monto diario debe ser mayor que cero.","El monto diario debe ser mayor que cero."
"El período no puede superar {0} días.","El período no puede superar {0} días."
"El proyecto {0} no existe.","El proyecto {0} no existe."
"El proyecto {0} pertenece a otra empresa.","El proyecto {0} pertenece a otra empresa."
"El saldo del ajuste {0} cambió. Recargue el viático antes de aprobar.","El saldo del ajuste {0} cambió. Recargue el viático antes de aprobar."
"El tipo de gasto {0} ya usa otra cuenta para {1}.","El tipo de gasto {0} ya usa otra cuenta para {1}."
"El tipo de viático {0} no admite integración contable.","El tipo de viático {0} no admite integración contable."
"El viático no tiene días elegibles ni ajustes para aplicar.","El viático no tiene días elegibles ni ajustes para aplicar."
"El viático no tiene valores netos para generar la solicitud de gasto.","El viático no tiene valores netos para generar la solicitud de gasto."
"El viático tiene más de un documento contable relacionado.","El viático tiene más de un documento contable relacionado."
"El viático ya tiene un documento contable relacionado.","El viático ya tiene un documento contable relacionado."
"El viático {0} no está en el estado esperado.","El viático {0} no está en el estado esperado."
"Esta acción solo está disponible en borrador.","Esta acción solo está disponible en borrador."
"Esta acción solo está disponible en un viático en borrador.","Esta acción solo está disponible en un viático en borrador."
"Falta el viático del empleado {0}.","Falta el viático del empleado {0}."
"Generando días del viático...","Generando días del viático..."
"Generando viáticos...","Generando viáticos..."
"Genere los borradores individuales antes de aprobar la planilla.","Genere los borradores individuales antes de aprobar la planilla."
"Guarde la planilla antes de generar viáticos.","Guarde la planilla antes de generar viáticos."
"Ingrese el destino de la plantilla.","Ingrese el destino de la plantilla."
"Ingrese el destino predeterminado.","Ingrese el destino predeterminado."
"La aplicación del ajuste {0} no es válida.","La aplicación del ajuste {0} no es válida."
"La asistencia no puede cambiar a elegible porque el ajuste {0} ya fue aplicado.","La asistencia no puede cambiar a elegible porque el ajuste {0} ya fue aplicado."
"La cuenta autorizada {0} no tiene una configuración válida.","La cuenta autorizada {0} no tiene una configuración válida."
"La cuenta predeterminada de anticipos de empleados no coincide con {0}.","La cuenta predeterminada de anticipos de empleados no coincide con {0}."
"La cuenta predeterminada de gastos por pagar no coincide con {0}.","La cuenta predeterminada de gastos por pagar no coincide con {0}."
"La empresa {0} no tiene centro de costo predeterminado.","La empresa {0} no tiene centro de costo predeterminado."
"La fecha desde no puede ser posterior a la fecha hasta.","La fecha desde no puede ser posterior a la fecha hasta."
"La fecha final no puede ser anterior a la fecha inicial.","La fecha final no puede ser anterior a la fecha inicial."
"La fecha {0} está repetida en el detalle diario.","La fecha {0} está repetida en el detalle diario."
"La fila {0} no tiene un empleado seleccionado. Elimínela o complete el empleado.","La fila {0} no tiene un empleado seleccionado. Elimínela o complete el empleado."
"La planilla ya tiene viáticos vinculados.","La planilla ya tiene viáticos vinculados."
"La plantilla pertenece a otra empresa.","La plantilla pertenece a otra empresa."
"La plantilla seleccionada no existe o está inactiva.","La plantilla seleccionada no existe o está inactiva."
"La selección de empleados no es válida.","La selección de empleados no es válida."
"Los borradores de esta planilla ya fueron generados.","Los borradores de esta planilla ya fueron generados."
"Monto y destino son obligatorios para {0}.","Monto y destino son obligatorios para {0}."
"No existe la empresa {0}.","No existe la empresa {0}."
"No puede modificar los empleados después de generar los borradores.","No puede modificar los empleados después de generar los borradores."
"No puede modificar {0} después de generar los borradores.","No puede modificar {0} después de generar los borradores."
"No se encontró el ajuste {0} para revertirlo.","No se encontró el ajuste {0} para revertirlo."
"No se puede cancelar porque el ajuste {0} ya fue aplicado.","No se puede cancelar porque el ajuste {0} ya fue aplicado."
"No se puede cancelar: el anticipo {0} ya tiene movimientos.","No se puede cancelar: el anticipo {0} ya tiene movimientos."
"No se puede cancelar: la solicitud de gasto {0} ya fue pagada.","No se puede cancelar: la solicitud de gasto {0} ya fue pagada."
"No se pueden agregar empleados después de generar los borradores.","No se pueden agregar empleados después de generar los borradores."
"No tiene permiso para modificar esta planilla.","No tiene permiso para modificar esta planilla."
"No tiene permiso para modificar este viático.","No tiene permiso para modificar este viático."
"No tiene permiso para seleccionar empleados.","No tiene permiso para seleccionar empleados."
"Planilla guardada.","Planilla guardada."
"Se generaron {0} días. Puede modificar cualquier monto manualmente.","Se generaron {0} días. Puede modificar cualquier monto manualmente."
"Seleccione al menos un empleado para la planilla.","Seleccione al menos un empleado para la planilla."
"Seleccione el proyecto predeterminado.","Seleccione el proyecto predeterminado."
"Seleccione la fecha inicial y la fecha final.","Seleccione la fecha inicial y la fecha final."
"Seleccione un empleado activo.","Seleccione un empleado activo."
"Seleccione un proyecto válido.","Seleccione un proyecto válido."
"Seleccione un viático.","Seleccione un viático."
"Seleccione una empresa.","Seleccione una empresa."
"Solo {0} puede {1} un viático.","Solo {0} puede {1} un viático."
"Solo {0} puede {1} una planilla de viáticos.","Solo {0} puede {1} una planilla de viáticos."
"The required approver {0} is not an enabled System User.","El aprobador requerido {0} no es un usuario del sistema habilitado."
"Viático {0}, período {1} a {2}.","Viático {0}, período {1} a {2}."
"Viático {0}. Destino: {1}. Cargo: {2}.","Viático {0}. Destino: {1}. Cargo: {2}."
"Ya existen días cargados. Si continúa, se reemplazarán, incluyendo cualquier monto modificado manualmente.","Ya existen días cargados. Si continúa, se reemplazarán, incluyendo cualquier monto modificado manualmente."
